"shapeid","x","y","gml_id","changeType","startDate","lastUpdate","entryDate","uprn","logicalSta","blpuState","blpuStateD","rpc","localCusto","country","addressbas","postcodeLo","multiOccCo","deliveryPo","delivery_1","delivery_2","udprn","buildingNu","thoroughfa","postTown","postcode","postcodeTy","delivery_3","processDat","landProper","landProp_1","landProp_2","lpiKey","landProp_3","paoStartNu","usrn","usrnMatchI","officialFl","applicatio","applicat_1","applicat_2","xRefKey","crossRefer","version","source","classifica","classifi_1","classifi_2","classKey","classifi_3","classSchem","schemeVers","buildingNa","paoStartSu","parentUPRN","subBuildin","saoText","saoStartNu","paoText","organisati","organisa_1","organisa_2","orgKey","organisa_3","endDate","landProp_4","applicat_3","classifi_4","organisa_4","dependentT","paoEndNumb","saoStartSu","dependentL","paoEndSuff","organisa_5","department","doubleDepe","saoEndNumb","poBoxNumbe"
"0","291684.64051016024","91161.998374874","uk.addressbase.uprn.10024669856","I","2011-09-16","2016-02-10","2011-09-01","10024669856.0","1","NULL","NULL","1","7655","E","N","EX2 8LH","0","NULL","NULL","NULL","NULL","NULL","NULL","NULL","NULL","NULL","NULL","NULL","(1:2011-09-16)","(1:2016-02-10)","(1:2011-09-01)","(1:7655L101176618)","(1:1)","NULL","(1:14200705)","(1:2)","(1:N)","(4:2016-02-07,2016-02-07,2016-02-07,2016-02-07)","(4:2016-02-10,2016-02-07,2016-02-10,2016-02-10)","(4:2006-03-18,2016-02-07,2008-08-16,2006-03-17)","(4:7655X900391496,7655X134389578,7655X600391496,7655X700391496)","(4:osgb5000000000052978,E05003491,osgb4000000025305659,osgb1000012289125)","(3:16,6,4)","(4:7666MA,7666OW,7666MI,7666MT)","(1:2011-09-16)","(1:2016-02-10)","(1:2011-09-01)","(1:7655C000391496)","(1:CU01)","(1:AddressBase Premium Classification Scheme)","(1:1)","NULL","NULL","NULL","NULL","NULL","NULL","(1:,...)","NULL","NULL","NULL","NULL","NULL","NULL","NULL","NULL","NULL","NULL","NULL","NULL","NULL","NULL","NULL","NULL","NULL","NULL","NULL","NULL"
"1","291497.93444870826","91240.49655048901","uk.addressbase.uprn.10024669858","I","2011-09-16","2016-02-10","2011-09-01","10024669858.0","1","NULL","NULL","1","7655","E","N","EX2 8HU","0","NULL","NULL","NULL","NULL","NULL","NULL","NULL","NULL","NULL","NULL","NULL","(1:2011-09-16)","(1:2016-02-10)","(1:2011-09-01)","(1:7655L101176620)","(1:1)","NULL","(1:14202922)","(1:2)","(1:N)","(4:2016-02-07,2016-02-07,2016-02-07,2016-02-07)","(4:2016-02-10,2016-02-07,2016-02-10,2016-02-10)","(4:2015-07-16,2016-02-07,2006-03-17,2006-03-18)","(4:7655X600391498,7655X134389579,7655X700391498,7655X900391498)","(4:osgb4000000025335328,E05003506,osgb1000012289425,osgb5000000000052985)","(3:4,3,9)","(4:7666MI,7666OW,7666MT,7666MA)","(1:2011-09-16)","(1:2016-02-10)","(1:2011-09-01)","(1:7655C000391498)","(1:CU01)","(1:AddressBase Premium Classification Scheme)","(1:1)","NULL","NULL","NULL","NULL","NULL","NULL","(1:,...)","NULL","NULL","NULL","NULL","NULL","NULL","NULL","NULL","NULL","NULL","NULL","NULL","NULL","NULL","NULL","NULL","NULL","NULL","NULL","NULL"
"2","291951.989545584","91851.9610835305","uk.addressbase.uprn.10023120106","I","2011-02-25","2016-02-10","2011-02-24","10023120106.0","1","2","2011-02-24","1","1110","E","N","EX2 8DN","0","NULL","NULL","NULL","NULL","NULL","NULL","NULL","NULL","NULL","NULL","NULL","(1:2011-02-25)","(1:2016-02-10)","(1:2011-02-24)","(1:1110L000166542)","(1:1)","NULL","(1:14200893)","(1:1)","NULL","(3:2016-02-07,2016-02-07,2016-02-07)","(3:2016-02-07,2016-02-07,2016-02-07)","(3:2016-02-07,2015-07-23,2015-07-23)","(3:1110X111460524,1110X708367763,1110X606022156)","(3:E05003491,osgb1000000347977813,osgb5000005157730294)","(2:8,1)","(3:7666OW,7666MT,7666MI)","(1:2011-02-25)","(1:2016-02-10)","(1:2011-02-24)","(1:1110C000061492)","(1:CU01)","(1:AddressBase Premium Classification Scheme)","(1:1)","NULL","NULL","NULL","NULL","NULL","NULL","(1:ELECTRICITY SUBSTATION)","NULL","NULL","NULL","NULL","NULL","NULL","NULL","NULL","NULL","NULL","NULL","NULL","NULL","NULL","NULL","NULL","NULL","NULL","NULL","NULL"
"3","291323.6323400979","91674.30549906904","uk.addressbase.uprn.10025539643","I","2015-08-19","2016-02-10","2013-07-16","10025539643.0","1","NULL","NULL","1","7655","E","N","EX2 9DS","0","NULL","NULL","NULL","NULL","NULL","NULL","NULL","NULL","NULL","NULL","NULL","(1:2015-08-19)","(1:2016-02-10)","(1:2013-07-16)","(1:7655L102292936)","(1:1)","NULL","(1:14200300)","(1:2)","(1:N)","(4:2016-02-07,2016-02-07,2016-02-07,2016-02-07)","(4:2016-02-07,2016-02-10,2016-02-10,2016-02-10)","(4:2016-02-07,2010-07-30,2013-04-07,2013-04-29)","(4:7655X106775110,7655X603666802,7655X703553471,7655X903656099)","(4:E05003506,osgb4000000025335808,osgb5000005108948638,...)","(3:6,1,4)","(4:7666OW,7666MI,7666MT,7666MA)","(1:2015-08-19)","(1:2016-02-10)","(1:2013-07-16)","(1:7655C003264780)","(1:CU01)","(1:AddressBase Premium Classification Scheme)","(1:1)","NULL","NULL","NULL","NULL","NULL","NULL","(1:,...)","NULL","NULL","NULL","NULL","NULL","NULL","NULL","NULL","NULL","NULL","NULL","NULL","NULL","NULL","NULL","NULL","NULL","NULL","NULL","NULL"
"4","291009.3314696916","91761.40954989986","uk.addressbase.uprn.10024944118","I","2011-09-16","2016-02-10","2011-09-01","10024944118.0","1","NULL","NULL","1","7655","E","N","EX4 1JX","0","NULL","NULL","NULL","NULL","NULL","NULL","NULL","NULL","NULL","NULL","NULL","(1:2011-09-16)","(1:2016-02-10)","(1:2011-09-01)","(1:7655L101415150)","(1:1)","NULL","(1:14200316)","(1:2)","(1:N)","(4:2016-02-07,2016-02-07,2016-02-07,2016-02-07)","(4:2016-02-10,2016-02-07,2016-02-10,2016-02-10)","(4:2008-08-16,2016-02-07,2008-01-30,2006-03-18)","(4:7655X600611658,7655X135455460,7655X700611658,7655X900611658)","(4:osgb4000000025335763,E05003506,osgb1000000347988792,...)","(3:4,4,12)","(4:7666MI,7666OW,7666MT,7666MA)","(1:2011-09-16)","(1:2016-02-10)","(1:2011-09-01)","(1:7655C000611658)","(1:CU01)","(1:AddressBase Premium Classification Scheme)","(1:1)","NULL","NULL","NULL","NULL","NULL","NULL","(1:,...)","NULL","NULL","NULL","NULL","NULL","NULL","NULL","NULL","NULL","NULL","NULL","NULL","NULL","NULL","NULL","NULL","NULL","NULL","NULL","NULL"
"5","291941.93919487455","91607.00426624424","uk.addressbase.uprn.10024665614","I","2011-09-16","2016-02-10","2010-09-16","10024665614.0","1","NULL","NULL","1","7655","E","N","EX2 8EH","0","NULL","NULL","NULL","NULL","NULL","NULL","NULL","NULL","NULL","NULL","NULL","(1:2011-09-16)","(1:2016-02-10)","(1:2010-09-16)","(1:7655L101170245)","(1:1)","NULL","(1:14200893)","(1:2)","(1:N)","(4:2016-02-07,2016-02-07,2016-02-07,2016-02-07)","(4:2016-02-10,2016-02-07,2016-02-10,2016-02-10)","(4:2006-03-18,2016-02-07,2008-08-16,2008-01-30)","(4:7655X900389273,7655X134368744,7655X600389273,7655X700389273)","(4:osgb5000000000052815,E05003491,osgb4000000025335802,...)","(3:15,4,3)","(4:7666MA,7666OW,7666MI,7666MT)","(1:2011-09-16)","(1:2016-02-10)","(1:2010-09-16)","(1:7655C000389273)","(1:CU01)","(1:AddressBase Premium Classification Scheme)","(1:1)","NULL","NULL","NULL","NULL","NULL","NULL","(1:ELECTRICITY SUB STATION 2M FROM 12 WILLEYS AVENUE. 6M FROM WATER LANE)","NULL","NULL","NULL","NULL","NULL","NULL","NULL","NULL","NULL","NULL","NULL","NULL","NULL","NULL","NULL","NULL","NULL","NULL","NULL","NULL"
"6","291278.73218766344","91355.09770459903","uk.addressbase.uprn.10024944120","I","2011-09-16","2016-02-10","2011-09-01","10024944120.0","1","NULL","NULL","1","7655","E","N","EX2 9EG","0","NULL","NULL","NULL","NULL","NULL","NULL","NULL","NULL","NULL","NULL","NULL","(1:2011-09-16)","(1:2016-02-10)","(1:2011-09-01)","(1:7655L101415152)","(1:1)","NULL","(1:14200701)","(1:2)","(1:N)","(4:2016-02-07,2016-02-07,2016-02-07,2016-02-07)","(4:2016-02-10,2016-02-10,2016-02-07,2016-02-10)","(4:2015-07-16,2006-03-18,2016-02-07,2015-07-16)","(4:7655X600613550,7655X900613550,7655X135455461,7655X700613550)","(4:osgb4000000025384241,osgb5000000000739200,E05003506,...)","(3:5,9,3)","(4:7666MI,7666MA,7666OW,7666MT)","(1:2011-09-16)","(1:2016-02-10)","(1:2011-09-01)","(1:7655C000613550)","(1:CU01)","(1:AddressBase Premium Classification Scheme)","(1:1)","NULL","NULL","NULL","NULL","NULL","NULL","(1:,...)","NULL","NULL","NULL","NULL","NULL","NULL","NULL","NULL","NULL","NULL","NULL","NULL","NULL","NULL","NULL","NULL","NULL","NULL","NULL","NULL"
"7","291018.33066045656","91476.99820716269","uk.addressbase.uprn.10025583200","I","2015-09-15","2016-02-10","2015-08-28","10025583200.0","1","NULL","NULL","1","7655","E","N","EX2 9BP","0","NULL","NULL","NULL","NULL","NULL","NULL","NULL","NULL","NULL","NULL","NULL","(1:2015-09-15)","(1:2016-02-10)","(1:2015-08-28)","(1:7655L102344128)","(1:1)","NULL","(1:14202377)","(1:2)","(1:N)","(4:2016-02-07,2016-02-07,2016-02-07,2016-02-07)","(4:2016-02-07,2016-02-10,2016-02-10,2016-02-10)","(4:2016-02-07,2015-07-16,2015-08-21,2005-09-16)","(4:7655X106934505,7655X703798836,7655X903741989,7655X603832466)","(4:E05003506,osgb5000005157227737,osgb5000000021876068,...)","(3:1,1,4)","(4:7666OW,7666MT,7666MA,7666MI)","(1:2015-09-15)","(1:2016-02-10)","(1:2015-08-28)","(1:7655C003314777)","(1:CU01)","(1:AddressBase Premium Classification Scheme)","(1:1)","NULL","NULL","NULL","NULL","NULL","NULL","(1:,...)","NULL","NULL","NULL","NULL","NULL","NULL","NULL","NULL","NULL","NULL","NULL","NULL","NULL","NULL","NULL","NULL","NULL","NULL","NULL","NULL"
"8","291907.44185008685","91613.00253498746","uk.addressbase.uprn.10024665615","I","2011-09-16","2016-02-10","2011-09-01","10024665615.0","1","NULL","NULL","1","7655","E","N","EX2 8EH","0","NULL","NULL","NULL","NULL","NULL","NULL","NULL","NULL","NULL","NULL","NULL","(1:2011-09-16)","(1:2016-02-10)","(1:2011-09-01)","(1:7655L101170246)","(1:1)","NULL","(1:14202863)","(1:2)","(1:N)","(4:2016-02-07,2016-02-07,2016-02-07,2016-02-07)","(4:2016-02-10,2016-02-10,2016-02-10,2016-02-07)","(4:2006-03-18,2015-07-23,2015-07-23,2016-02-07)","(4:7655X900389274,7655X700389274,7655X600389274,7655X134368745)","(4:osgb5000000000052817,osgb1000000347977895,osgb5000005157730317,...)","(3:13,3,1)","(4:7666MA,7666MT,7666MI,7666OW)","(1:2011-09-16)","(1:2016-02-10)","(1:2011-09-01)","(1:7655C000389274)","(1:CU01)","(1:AddressBase Premium Classification Scheme)","(1:1)","NULL","NULL","NULL","NULL","NULL","NULL","(1:,...)","NULL","NULL","NULL","NULL","NULL","NULL","NULL","NULL","NULL","NULL","NULL","NULL","NULL","NULL","NULL","NULL","NULL","NULL","NULL","NULL"
"9","291995.9403248899","91892.29968283916","uk.addressbase.uprn.10024657979","I","2011-09-16","2016-02-10","2008-12-18","10024657979.0","1","NULL","NULL","1","7655","E","N","EX2 8DN","0","NULL","NULL","NULL","NULL","NULL","NULL","NULL","NULL","NULL","NULL","NULL","(1:2011-09-16)","(1:2016-02-10)","(1:2011-09-01)","(1:7655L101159162)","(1:1)","NULL","(1:14200239)","(1:2)","(1:N)","(4:2016-02-07,2016-02-07,2016-02-07,2016-02-07)","(4:2016-02-10,2016-02-07,2016-02-10,2016-02-10)","(4:2015-07-23,2016-02-07,2008-01-30,2006-03-18)","(4:7655X600396762,7655X134331568,7655X700396762,7655X900396762)","(4:osgb5000005157730294,E05003491,osgb1000000347978383,...)","(3:1,3,15)","(4:7666MI,7666OW,7666MT,7666MA)","(1:2011-09-16)","(1:2016-02-10)","(1:2008-12-18)","(1:7655C000396762)","(1:CU01)","(1:AddressBase Premium Classification Scheme)","(1:1)","NULL","NULL","NULL","NULL","NULL","NULL","(1:,...)","NULL","NULL","NULL","NULL","NULL","NULL","NULL","NULL","NULL","NULL","NULL","NULL","NULL","NULL","NULL","NULL","NULL","NULL","NULL","NULL"
"10","291813.93854768947","91793.60470061816","uk.addressbase.uprn.10024657980","I","2011-09-16","2016-02-10","2011-09-01","10024657980.0","1","NULL","NULL","1","7655","E","N","EX2 8PP","0","NULL","NULL","NULL","NULL","NULL","NULL","NULL","NULL","NULL","NULL","NULL","(1:2011-09-16)","(1:2016-02-10)","(1:2011-09-01)","(1:7655L101159163)","(1:1)","NULL","(1:14200428)","(1:2)","(1:N)","(4:2016-02-07,2016-02-07,2016-02-07,2016-02-07)","(4:2016-02-10,2016-02-07,2016-02-10,2016-02-10)","(4:2006-03-18,2016-02-07,2010-02-18,2015-07-23)","(4:7655X900396763,7655X134331569,7655X600396763,7655X700396763)","(4:osgb5000000000053821,E05003491,osgb4000000025424922,...)","(3:15,6,1)","(4:7666MA,7666OW,7666MI,7666MT)","(1:2011-09-16)","(1:2016-02-10)","(1:2011-09-01)","(1:7655C000396763)","(1:CU01)","(1:AddressBase Premium Classification Scheme)","(1:1)","NULL","NULL","NULL","NULL","NULL","NULL","(1:ELECTRICITY SUB STATION 7M FROM 68 ISCA ROAD. 3M FROM UNNAMED ROAD)","NULL","NULL","NULL","NULL","NULL","NULL","NULL","NULL","NULL","NULL","NULL","NULL","NULL","NULL","NULL","NULL","NULL","NULL","NULL","NULL"
"11","291275.23045641015","91842.40995414092","uk.addressbase.uprn.10024666656","I","2011-09-16","2016-02-10","2010-04-25","10024666656.0","1","NULL","NULL","1","7655","E","N","EX2 9AX","0","NULL","NULL","NULL","NULL","NULL","NULL","NULL","NULL","NULL","NULL","NULL","(1:2011-09-16)","(1:2016-02-10)","(1:2011-09-01)","(1:7655L101171831)","(1:1)","NULL","(1:14202708)","(1:2)","(1:N)","(4:2016-02-07,2016-02-07,2016-02-07,2016-02-07)","(4:2016-02-10,2016-02-07,2016-02-10,2016-02-10)","(4:2006-03-18,2016-02-07,2010-02-18,2015-07-16)","(4:7655X900405421,7655X134373789,7655X600405421,7655X700405421)","(4:osgb5000000000052839,E05003506,osgb4000000025447544,...)","(3:14,3,1)","(4:7666MA,7666OW,7666MI,7666MT)","(1:2011-09-16)","(1:2016-02-10)","(1:2010-04-25)","(1:7655C000405421)","(1:CU01)","(1:AddressBase Premium Classification Scheme)","(1:1)","NULL","NULL","NULL","NULL","NULL","NULL","(1:ELECTRICITY SUB STATIONS 8M FROM 4 CHURCH ROAD. 1M FROM CHURCH LANE)","NULL","NULL","NULL","NULL","NULL","NULL","NULL","NULL","NULL","NULL","NULL","NULL","NULL","NULL","NULL","NULL","NULL","NULL","NULL","NULL"
"12","291445.33683317434","91939.5095329223","uk.addressbase.uprn.10024666657","I","2011-09-16","2016-02-10","2011-09-01","10024666657.0","1","NULL","NULL","1","7655","E","N","EX4 1AJ","0","NULL","NULL","NULL","NULL","NULL","NULL","NULL","NULL","NULL","NULL","NULL","(1:2011-09-16)","(1:2016-02-10)","(1:2011-09-01)","(1:7655L101171832)","(1:1)","NULL","(1:14200799)","(1:2)","(1:N)","(4:2016-02-07,2016-02-07,2016-02-07,2016-02-07)","(4:2016-02-10,2016-02-10,2016-02-07,2016-02-10)","(4:2005-09-17,2006-03-18,2016-02-07,2008-01-30)","(4:7655X600405422,7655X900405422,7655X134373790,7655X700405422)","(4:osgb4000000025345857,osgb5000000000052840,E05003506,...)","(3:3,53,4)","(4:7666MI,7666MA,7666OW,7666MT)","(1:2011-09-16)","(1:2016-02-10)","(1:2011-09-01)","(1:7655C000405422)","(1:CU01)","(1:AddressBase Premium Classification Scheme)","(1:1)","NULL","NULL","NULL","NULL","NULL","NULL","(1:,...)","NULL","NULL","NULL","NULL","NULL","NULL","NULL","NULL","NULL","NULL","NULL","NULL","NULL","NULL","NULL","NULL","NULL","NULL","NULL","NULL"
"13","291761.5374887811","91233.78937012548","uk.addressbase.uprn.10024666658","I","2011-09-16","2016-02-10","2008-04-21","10024666658.0","1","NULL","NULL","1","7655","E","N","EX2 8JR","0","NULL","NULL","NULL","NULL","NULL","NULL","NULL","NULL","NULL","NULL","NULL","(1:2011-09-16)","(1:2016-02-10)","(1:2008-04-21)","(1:7655L101171833)","(1:1)","NULL","(1:14200262)","(1:2)","(1:N)","(4:2016-02-07,2016-02-07,2016-02-07,2016-02-07)","(4:2016-02-10,2016-02-07,2016-02-10,2016-02-10)","(4:2006-03-17,2016-02-07,2006-03-09,2006-03-18)","(4:7655X700405423,7655X134373791,7655X600405423,7655X900405423)","(4:osgb1000012288485,E05003491,osgb4000000025320402,osgb5000000000052844)","(3:4,8,9)","(4:7666MT,7666OW,7666MI,7666MA)","(1:2011-09-16)","(1:2016-02-10)","(1:2008-04-21)","(1:7655C000405423)","(1:CU01)","(1:AddressBase Premium Classification Scheme)","(1:1)","NULL","NULL","NULL","NULL","NULL","NULL","(1:,...)","NULL","NULL","NULL","NULL","NULL","NULL","NULL","NULL","NULL","NULL","NULL","NULL","NULL","NULL","NULL","NULL","NULL","NULL","NULL","NULL"
"14","291889.736710014","91817.29700351314","uk.addressbase.uprn.10024665620","I","2011-09-16","2016-02-10","2011-09-01","10024665620.0","1","NULL","NULL","1","7655","E","N","EX2 8BY","0","NULL","NULL","NULL","NULL","NULL","NULL","NULL","NULL","NULL","NULL","NULL","(1:2011-09-16)","(1:2016-02-10)","(1:2011-09-01)","(1:7655L101170251)","(1:1)","NULL","(1:14200893)","(1:2)","(1:N)","(4:2016-02-07,2016-02-07,2016-02-07,2016-02-07)","(4:2016-02-10,2016-02-10,2016-02-10,2016-02-07)","(4:2015-07-23,2008-01-30,2006-03-18,2016-02-07)","(4:7655X600389279,7655X700389279,7655X900389279,7655X134368750)","(4:osgb5000005157730294,osgb1000000347978358,osgb5000000000052830,...)","(3:1,3,18)","(4:7666MI,7666MT,7666MA,7666OW)","(1:2011-09-16)","(1:2016-02-10)","(1:2011-09-01)","(1:7655C000389279)","(1:CU01)","(1:AddressBase Premium Classification Scheme)","(1:1)","NULL","NULL","NULL","NULL","NULL","NULL","(1:,...)","NULL","NULL","NULL","NULL","NULL","NULL","NULL","NULL","NULL","NULL","NULL","NULL","NULL","NULL","NULL","NULL","NULL","NULL","NULL","NULL"
"15","291226.7332320622","91897.00570889033","uk.addressbase.uprn.10024950414","I","2011-09-16","2016-02-10","2009-02-12","10024950414.0","1","NULL","NULL","1","7655","E","N","EX4 1AS","0","NULL","NULL","NULL","NULL","NULL","NULL","NULL","NULL","NULL","NULL","NULL","(1:2011-09-16)","(1:2016-02-10)","(1:2009-02-12)","(1:7655L101421523)","(1:1)","NULL","(1:14200217)","(1:2)","(1:N)","(4:2016-02-07,2016-02-07,2016-02-07,2016-02-07)","(4:2016-02-10,2016-02-07,2016-02-10,2016-02-10)","(4:2008-12-23,2016-02-07,2006-03-18,2008-01-30)","(4:7655X600615955,7655X135480635,7655X900615955,7655X700615955)","(4:osgb4000000025384147,E05003506,osgb5000000000744391,...)","(3:8,12,3)","(4:7666MI,7666OW,7666MA,7666MT)","(1:2011-09-16)","(1:2016-02-10)","(1:2009-02-12)","(1:7655C000615955)","(1:CU01)","(1:AddressBase Premium Classification Scheme)","(1:1)","NULL","NULL","NULL","NULL","NULL","NULL","(1:,...)","NULL","NULL","NULL","NULL","NULL","NULL","NULL","NULL","NULL","NULL","NULL","NULL","NULL","NULL","NULL","NULL","NULL","NULL","NULL","NULL"
"16","291160.8309447898","91831.5009448592","uk.addressbase.uprn.10025395474","I","2012-02-02","2016-02-10","2011-09-01","10025395474.0","1","NULL","NULL","1","7655","E","N","EX4 1HS","0","NULL","NULL","NULL","NULL","NULL","NULL","NULL","NULL","NULL","NULL","NULL","(1:2012-02-02)","(1:2016-02-10)","(1:2013-06-08)","(1:7655L101864248)","(1:1)","NULL","(1:14200217)","(1:2)","(1:N)","(4:2016-02-07,2016-02-07,2016-02-07,2016-02-07)","(4:2016-02-07,2016-02-10,2016-02-10,2016-02-10)","(4:2016-02-07,2012-03-07,2012-01-08,2011-12-12)","(4:7655X106466157,7655X600896720,7655X900896720,7655X700896720)","(4:E05003506,osgb5000005102289746,osgb5000000018270933,...)","(3:1,4,1)","(4:7666OW,7666MI,7666MA,7666MT)","(1:2012-02-02)","(1:2016-02-10)","(1:2011-09-01)","(1:7655C000896720)","(1:CU01)","(1:AddressBase Premium Classification Scheme)","(1:1)","NULL","NULL","NULL","NULL","NULL","NULL","(1:,...)","NULL","NULL","NULL","NULL","NULL","NULL","NULL","NULL","NULL","NULL","NULL","NULL","NULL","NULL","NULL","NULL","NULL","NULL","NULL","NULL"
"17","291698.0393371881","91701.19720746789","uk.addressbase.uprn.10024665621","I","2011-09-16","2016-02-10","2008-12-18","10024665621.0","1","NULL","NULL","1","7655","E","N","EX2 8EZ","0","NULL","NULL","NULL","NULL","NULL","NULL","NULL","NULL","NULL","NULL","NULL","(1:2011-09-16)","(1:2016-02-10)","(1:2008-12-18)","(1:7655L101170252)","(1:1)","NULL","(1:14201657)","(1:2)","(1:N)","(4:2016-02-07,2016-02-07,2016-02-07,2016-02-07)","(4:2016-02-07,2016-02-10,2016-02-10,2016-02-10)","(4:2016-02-07,2015-07-23,2006-03-18,2008-01-30)","(4:7655X134368751,7655X600389280,7655X900389280,7655X700389280)","(4:E05003491,osgb5000005157730330,osgb5000000000052833,osgb1000012286160)","(3:1,16,4)","(4:7666OW,7666MI,7666MA,7666MT)","(1:2011-09-16)","(1:2016-02-10)","(1:2008-12-18)","(1:7655C000389280)","(1:CU01)","(1:AddressBase Premium Classification Scheme)","(1:1)","NULL","NULL","NULL","NULL","NULL","NULL","(1:,...)","NULL","NULL","NULL","NULL","NULL","NULL","NULL","NULL","NULL","NULL","NULL","NULL","NULL","NULL","NULL","NULL","NULL","NULL","NULL","NULL"
"18","291927.4401626947","91397.5922528003","uk.addressbase.uprn.10024657984","I","2011-09-16","2016-02-10","2011-09-01","10024657984.0","1","NULL","NULL","1","7655","E","N","EX2 8EG","0","NULL","NULL","NULL","NULL","NULL","NULL","NULL","NULL","NULL","NULL","NULL","(1:2011-09-16)","(1:2016-02-10)","(1:2011-09-01)","(1:7655L101159167)","(1:1)","NULL","(1:14200833)","(1:2)","(1:N)","(4:2016-02-07,2016-02-07,2016-02-07,2016-02-07)","(4:2016-02-10,2016-02-07,2016-02-10,2016-02-10)","(4:2006-03-18,2016-02-07,2006-03-09,2006-03-17)","(4:7655X900396767,7655X134331571,7655X600396767,7655X700396767)","(4:osgb5000000000053833,E05003491,osgb4000000025306033,...)","(3:12,7,3)","(4:7666MA,7666OW,7666MI,7666MT)","(1:2011-09-16)","(1:2016-02-10)","(1:2011-09-01)","(1:7655C000396767)","(1:CU01)","(1:AddressBase Premium Classification Scheme)","(1:1)","NULL","NULL","NULL","NULL","NULL","NULL","(1:,...)","NULL","NULL","NULL","NULL","NULL","NULL","NULL","NULL","NULL","NULL","NULL","NULL","NULL","NULL","NULL","NULL","NULL","NULL","NULL","NULL"
"19","291093.03062940156","91006.48767537673","uk.addressbase.uprn.10024666660","I","2011-09-16","2016-02-10","2008-04-21","10024666660.0","1","NULL","NULL","1","7655","E","N","EX2 9JL","0","NULL","NULL","NULL","NULL","NULL","NULL","NULL","NULL","NULL","NULL","NULL","(1:2011-09-16)","(1:2016-02-10)","(1:2011-09-01)","(1:7655L101171835)","(1:1)","NULL","(1:14200584)","(1:2)","(1:N)","(4:2016-02-07,2016-02-07,2016-02-07,2016-02-07)","(4:2016-02-07,2016-02-10,2016-02-10,2016-02-10)","(4:2016-02-07,2006-03-17,2005-09-16,2006-03-18)","(4:7655X134373792,7655X700405425,7655X600405425,7655X900405425)","(4:E05003491,osgb1000000347999820,osgb4000000025320388,...)","(3:3,3,9)","(4:7666OW,7666MT,7666MI,7666MA)","(1:2011-09-16)","(1:2016-02-10)","(1:2008-04-21)","(1:7655C000405425)","(1:CU01)","(1:AddressBase Premium Classification Scheme)","(1:1)","NULL","NULL","NULL","NULL","NULL","NULL","(1:,...)","NULL","NULL","NULL","NULL","NULL","NULL","NULL","NULL","NULL","NULL","NULL","NULL","NULL","NULL","NULL","NULL","NULL","NULL","NULL","NULL"
"20","291466.03728654044","91577.49884696663","uk.addressbase.uprn.10024669855","I","2011-09-16","2016-02-10","2011-09-01","10024669855.0","1","NULL","NULL","1","7655","E","N","EX2 9EP","0","NULL","NULL","NULL","NULL","NULL","NULL","NULL","NULL","NULL","NULL","NULL","(1:2011-09-16)","(1:2016-02-10)","(1:2011-09-01)","(1:7655L101176617)","(1:1)","NULL","(1:14200675)","(1:2)","(1:N)","(4:2016-02-07,2016-02-07,2016-02-07,2016-02-07)","(4:2016-02-10,2016-02-07,2016-02-10,2016-02-10)","(4:2015-07-16,2016-02-07,2015-07-16,2006-03-18)","(4:7655X600391495,7655X134389577,7655X700391495,7655X900391495)","(4:osgb5000005157234758,E05003506,osgb5000005157227017,...)","(3:1,1,17)","(4:7666MI,7666OW,7666MT,7666MA)","(1:2011-09-16)","(1:2016-02-10)","(1:2011-09-01)","(1:7655C000391495)","(1:CU01)","(1:AddressBase Premium Classification Scheme)","(1:1)","NULL","NULL","NULL","NULL","NULL","NULL","(1:ELECTRICITY SUB STATION 5M FROM 42 QUEENS ROAD. 5M FROM UNNAMED ROAD)","NULL","NULL","NULL","NULL","NULL","NULL","NULL","NULL","NULL","NULL","NULL","NULL","NULL","NULL","NULL","NULL","NULL","NULL","NULL","NULL"
"21","291699.7384772449","91787.50765542468","uk.addressbase.uprn.10024944116","I","2011-09-16","2016-02-10","2010-05-16","10024944116.0","1","NULL","NULL","1","7655","E","N","EX2 8BJ","0","NULL","NULL","NULL","NULL","NULL","NULL","NULL","NULL","NULL","NULL","NULL","(1:2011-09-16)","(1:2016-02-10)","(1:2011-09-01)","(1:7655L101415148)","(1:1)","NULL","(1:14200426)","(1:2)","(1:N)","(4:2016-02-07,2016-02-07,2016-02-07,2016-02-07)","(4:2016-02-07,2016-02-10,2016-02-10,2016-02-10)","(4:2016-02-07,2006-03-18,2015-07-23,2015-07-23)","(4:7655X135455458,7655X900611656,7655X700611656,7655X600611656)","(4:E05003491,osgb5000000000739188,osgb1000012286662,osgb5000005157730311)","(3:12,4,1)","(4:7666OW,7666MA,7666MT,7666MI)","(1:2011-09-16)","(1:2016-02-10)","(1:2010-05-16)","(1:7655C000611656)","(1:CU01)","(1:AddressBase Premium Classification Scheme)","(1:1)","NULL","NULL","NULL","NULL","NULL","NULL","(1:,...)","NULL","NULL","NULL","NULL","NULL","NULL","NULL","NULL","NULL","NULL","NULL","NULL","NULL","NULL","NULL","NULL","NULL","NULL","NULL","NULL"
"22","291602.33339264087","91926.30136636237","uk.addressbase.uprn.10024944117","I","2011-09-16","2016-02-10","2010-02-24","10024944117.0","1","NULL","NULL","1","7655","E","N","EX4 1AH","0","NULL","NULL","NULL","NULL","NULL","NULL","NULL","NULL","NULL","NULL","NULL","(1:2011-09-16)","(1:2016-02-10)","(1:2011-09-01)","(1:7655L101415149)","(1:1)","NULL","(1:14202720)","(1:2)","(1:N)","(4:2016-02-07,2016-02-07,2016-02-07,2016-02-07)","(4:2016-02-10,2016-02-10,2016-02-07,2016-02-10)","(4:2014-09-09,2006-03-18,2016-02-07,2008-03-02)","(4:7655X600611657,7655X900611657,7655X135455459,7655X700611657)","(4:osgb5000005132093442,osgb5000000000739190,E05003506,...)","(3:1,17,5)","(4:7666MI,7666MA,7666OW,7666MT)","(1:2011-09-16)","(1:2016-02-10)","(1:2010-02-24)","(1:7655C000611657)","(1:CU01)","(1:AddressBase Premium Classification Scheme)","(1:1)","NULL","NULL","NULL","NULL","NULL","NULL","(1:,...)","NULL","NULL","NULL","NULL","NULL","NULL","NULL","NULL","NULL","NULL","NULL","NULL","NULL","NULL","NULL","NULL","NULL","NULL","NULL","NULL"
"23","291189.33173780143","91540.99907636523","uk.addressbase.uprn.10024665616","I","2011-09-16","2016-02-10","2010-09-29","10024665616.0","1","NULL","NULL","1","7655","E","N","EX2 9AY","0","NULL","NULL","NULL","NULL","NULL","NULL","NULL","NULL","NULL","NULL","NULL","(1:2011-09-16)","(1:2016-02-10)","(1:2010-09-29)","(1:7655L101170247)","(1:1)","NULL","(1:14200300)","(1:2)","(1:N)","(4:2016-02-07,2016-02-07,2016-02-07,2016-02-07)","(4:2016-02-07,2016-02-10,2016-02-10,2016-02-10)","(4:2016-02-07,2005-09-16,2008-01-30,2006-03-18)","(4:7655X134368746,7655X600389275,7655X700389275,7655X900389275)","(4:E05003506,osgb4000000025335770,osgb1000012288409,osgb5000000000052819)","(3:3,4,13)","(4:7666OW,7666MI,7666MT,7666MA)","(1:2011-09-16)","(1:2016-02-10)","(1:2010-09-29)","(1:7655C000389275)","(1:CU01)","(1:AddressBase Premium Classification Scheme)","(1:1)","NULL","NULL","NULL","NULL","NULL","NULL","(1:ELECTRICITY SUB STATION 5M FROM 36 RICES MEWS. 7M FROM FERNDALE ROAD)","NULL","NULL","NULL","NULL","NULL","NULL","NULL","NULL","NULL","NULL","NULL","NULL","NULL","NULL","NULL","NULL","NULL","NULL","NULL","NULL"
